﻿exists,eye_side,level,patient-id,level_cat
TRUE,left,1,33,[1. 0.]
TRUE,left,1,32,[1. 0.]
TRUE,left,1,40,[1. 0.]
TRUE,left,1,47,[1. 0.]
TRUE,left,0,10,[1. 0.]
TRUE,left,0,42,[1. 0.]
TRUE,left,1,32,[1. 0.]
TRUE,left,1,29,[1. 0.]
TRUE,left,0,27,[1. 0.]
TRUE,left,1,30,[1. 0.]
TRUE,left,1,21,[1. 0.]
TRUE,left,0,18,[1. 0.]
TRUE,left,1,35,[1. 0.]
TRUE,left,1,47,[1. 0.]
TRUE,left,0,50,[1. 0.]
TRUE,left,0,47,[1. 0.]
TRUE,left,0,45,[1. 0.]
TRUE,left,1,38,[1. 0.]
TRUE,left,1,37,[1. 0.]
TRUE,left,1,34,[1. 0.]
TRUE,left,1,47,[1. 0.]
TRUE,left,1,25,[1. 0.]
TRUE,left,0,27,[1. 0.]
TRUE,left,0,31,[1. 0.]
TRUE,left,1,19,[1. 0.]
TRUE,left,1,10,[1. 0.]
TRUE,left,0,16,[1. 0.]
TRUE,left,0,24,[1. 0.]
TRUE,left,0,20,[1. 0.]
TRUE,left,0,34,[1. 0.]
TRUE,left,0,13,[1. 0.]
TRUE,left,1,40,[1. 0.]
TRUE,left,1,23,[1. 0.]
TRUE,left,0,32,[1. 0.]
TRUE,left,1,31,[1. 0.]
TRUE,left,1,36,[1. 0.]
TRUE,left,1,28,[1. 0.]
TRUE,left,1,18,[1. 0.]
TRUE,left,1,14,[1. 0.]
TRUE,left,0,13,[1. 0.]
TRUE,left,1,16,[1. 0.]
TRUE,left,0,44,[1. 0.]
TRUE,left,1,45,[1. 0.]
TRUE,left,0,45,[1. 0.]
TRUE,left,0,14,[1. 0.]
TRUE,left,1,29,[1. 0.]
TRUE,left,0,49,[1. 0.]
TRUE,left,0,16,[1. 0.]
TRUE,left,0,45,[1. 0.]
TRUE,left,0,10,[1. 0.]
TRUE,left,0,37,[1. 0.]
TRUE,left,1,42,[1. 0.]
TRUE,left,0,39,[1. 0.]
TRUE,left,1,23,[1. 0.]
TRUE,left,0,38,[1. 0.]
TRUE,left,1,37,[1. 0.]
TRUE,left,1,13,[1. 0.]
TRUE,left,1,42,[1. 0.]
TRUE,left,0,34,[1. 0.]
TRUE,left,1,22,[1. 0.]
TRUE,left,1,29,[1. 0.]
TRUE,left,0,36,[1. 0.]
TRUE,left,1,27,[1. 0.]
TRUE,left,0,10,[1. 0.]
TRUE,left,0,47,[1. 0.]
TRUE,left,0,31,[1. 0.]
TRUE,left,0,39,[1. 0.]
TRUE,left,1,13,[1. 0.]
TRUE,left,0,43,[1. 0.]
TRUE,left,0,47,[1. 0.]
TRUE,left,0,38,[1. 0.]
TRUE,left,0,12,[1. 0.]
TRUE,left,1,11,[1. 0.]
TRUE,left,1,48,[1. 0.]
TRUE,left,0,50,[1. 0.]
TRUE,left,0,28,[1. 0.]
TRUE,left,0,50,[1. 0.]
TRUE,left,0,16,[1. 0.]
TRUE,left,0,18,[1. 0.]
TRUE,left,1,30,[1. 0.]
TRUE,left,1,41,[1. 0.]
TRUE,left,1,46,[1. 0.]
TRUE,left,0,43,[1. 0.]
TRUE,left,1,39,[1. 0.]
TRUE,left,1,46,[1. 0.]
TRUE,left,1,28,[1. 0.]
TRUE,left,0,30,[1. 0.]
TRUE,left,1,23,[1. 0.]
TRUE,left,1,26,[1. 0.]
TRUE,left,0,22,[1. 0.]
TRUE,left,0,40,[1. 0.]
TRUE,left,0,40,[1. 0.]
TRUE,left,1,12,[1. 0.]
TRUE,left,1,15,[1. 0.]
TRUE,left,0,48,[1. 0.]
TRUE,left,0,29,[1. 0.]
TRUE,left,0,18,[1. 0.]
TRUE,left,0,19,[1. 0.]
TRUE,left,0,11,[1. 0.]
TRUE,left,0,12,[1. 0.]
TRUE,left,0,37,[1. 0.]
TRUE,left,0,37,[1. 0.]
TRUE,left,1,23,[1. 0.]
TRUE,left,0,12,[1. 0.]
TRUE,left,0,28,[1. 0.]
TRUE,left,1,47,[1. 0.]
TRUE,left,0,13,[1. 0.]
TRUE,left,0,32,[1. 0.]
TRUE,left,1,26,[1. 0.]
TRUE,left,0,40,[1. 0.]
TRUE,left,0,10,[1. 0.]
TRUE,left,0,48,[1. 0.]
TRUE,left,1,25,[1. 0.]
TRUE,left,1,28,[1. 0.]
TRUE,left,1,10,[1. 0.]
TRUE,left,0,15,[1. 0.]
TRUE,left,1,27,[1. 0.]
TRUE,left,1,18,[1. 0.]
TRUE,left,0,14,[1. 0.]
TRUE,left,0,21,[1. 0.]
TRUE,left,1,13,[1. 0.]
TRUE,left,1,19,[1. 0.]
TRUE,left,1,12,[1. 0.]
TRUE,left,1,49,[1. 0.]
TRUE,left,0,20,[1. 0.]
TRUE,left,0,34,[1. 0.]
TRUE,left,0,48,[1. 0.]
TRUE,left,1,34,[1. 0.]
TRUE,left,1,36,[1. 0.]
TRUE,left,0,46,[1. 0.]
TRUE,left,0,25,[1. 0.]
TRUE,left,0,24,[1. 0.]
TRUE,left,0,47,[1. 0.]
TRUE,left,1,34,[1. 0.]
TRUE,left,1,11,[1. 0.]
TRUE,left,0,32,[1. 0.]
TRUE,left,0,10,[1. 0.]
TRUE,left,0,19,[1. 0.]
TRUE,left,0,28,[1. 0.]
TRUE,left,0,46,[1. 0.]
TRUE,left,0,46,[1. 0.]
TRUE,left,1,13,[1. 0.]
TRUE,left,0,32,[1. 0.]
TRUE,left,1,18,[1. 0.]
TRUE,left,1,50,[1. 0.]
TRUE,left,0,11,[1. 0.]
TRUE,left,1,34,[1. 0.]
TRUE,left,0,11,[1. 0.]
TRUE,left,1,19,[1. 0.]
TRUE,left,0,48,[1. 0.]
TRUE,left,1,13,[1. 0.]
TRUE,left,0,12,[1. 0.]
TRUE,left,0,25,[1. 0.]
TRUE,left,0,47,[1. 0.]
TRUE,left,1,11,[1. 0.]
TRUE,left,1,49,[1. 0.]
TRUE,left,1,37,[1. 0.]
TRUE,left,1,44,[1. 0.]
TRUE,left,1,46,[1. 0.]
TRUE,left,0,26,[1. 0.]
TRUE,left,1,37,[1. 0.]
TRUE,left,1,27,[1. 0.]
TRUE,left,0,49,[1. 0.]
TRUE,left,1,45,[1. 0.]
TRUE,left,0,13,[1. 0.]
TRUE,left,0,40,[1. 0.]
TRUE,left,0,20,[1. 0.]
TRUE,left,0,45,[1. 0.]
TRUE,left,0,23,[1. 0.]
TRUE,left,0,35,[1. 0.]
TRUE,left,0,18,[1. 0.]
TRUE,left,1,31,[1. 0.]
TRUE,left,0,17,[1. 0.]
TRUE,left,1,11,[1. 0.]
TRUE,left,0,34,[1. 0.]
TRUE,left,1,35,[1. 0.]
TRUE,left,0,44,[1. 0.]
TRUE,left,0,45,[1. 0.]
TRUE,left,0,18,[1. 0.]
TRUE,left,1,13,[1. 0.]
TRUE,left,0,41,[1. 0.]
TRUE,left,1,30,[1. 0.]
TRUE,left,1,27,[1. 0.]
TRUE,left,0,41,[1. 0.]
TRUE,left,1,25,[1. 0.]
TRUE,left,1,34,[1. 0.]
TRUE,left,0,44,[1. 0.]
TRUE,left,0,38,[1. 0.]
TRUE,left,1,39,[1. 0.]
TRUE,left,0,20,[1. 0.]
TRUE,left,1,27,[1. 0.]
TRUE,left,1,22,[1. 0.]
TRUE,left,0,44,[1. 0.]
TRUE,left,1,19,[1. 0.]
TRUE,left,0,41,[1. 0.]
TRUE,left,1,37,[1. 0.]
TRUE,left,1,46,[1. 0.]
TRUE,left,1,21,[1. 0.]
TRUE,left,0,26,[1. 0.]
TRUE,left,1,40,[1. 0.]
TRUE,left,0,46,[1. 0.]
TRUE,left,1,36,[1. 0.]
TRUE,left,1,33,[1. 0.]
TRUE,left,0,39,[1. 0.]
TRUE,left,0,31,[1. 0.]
TRUE,left,0,47,[1. 0.]
TRUE,left,1,45,[1. 0.]
TRUE,left,0,22,[1. 0.]
TRUE,left,0,22,[1. 0.]
TRUE,left,0,21,[1. 0.]
TRUE,left,0,38,[1. 0.]
TRUE,left,1,49,[1. 0.]
TRUE,left,1,27,[1. 0.]
TRUE,left,1,35,[1. 0.]
TRUE,left,0,30,[1. 0.]
TRUE,left,0,16,[1. 0.]
TRUE,left,1,33,[1. 0.]
TRUE,left,1,20,[1. 0.]
TRUE,left,0,18,[1. 0.]
TRUE,left,1,41,[1. 0.]
TRUE,left,0,45,[1. 0.]
TRUE,left,1,41,[1. 0.]
TRUE,left,1,42,[1. 0.]
TRUE,left,1,20,[1. 0.]
TRUE,left,0,34,[1. 0.]
TRUE,left,0,28,[1. 0.]
TRUE,left,1,43,[1. 0.]
TRUE,left,0,42,[1. 0.]
TRUE,left,0,16,[1. 0.]
TRUE,left,1,25,[1. 0.]
TRUE,left,0,14,[1. 0.]
TRUE,left,0,18,[1. 0.]
TRUE,left,1,23,[1. 0.]
TRUE,left,1,44,[1. 0.]
TRUE,left,1,41,[1. 0.]
TRUE,left,1,22,[1. 0.]
TRUE,left,0,29,[1. 0.]
TRUE,left,0,37,[1. 0.]
TRUE,left,1,30,[1. 0.]
TRUE,left,0,29,[1. 0.]
TRUE,left,1,18,[1. 0.]
TRUE,left,1,23,[1. 0.]
TRUE,left,0,41,[1. 0.]
TRUE,left,0,50,[1. 0.]
TRUE,left,0,22,[1. 0.]
TRUE,left,0,46,[1. 0.]
TRUE,left,0,39,[1. 0.]
TRUE,left,0,41,[1. 0.]
TRUE,left,0,13,[1. 0.]
TRUE,left,0,32,[1. 0.]
TRUE,left,0,23,[1. 0.]
TRUE,left,0,18,[1. 0.]
TRUE,left,1,50,[1. 0.]
TRUE,left,1,13,[1. 0.]
TRUE,left,1,16,[1. 0.]
TRUE,left,0,34,[1. 0.]
TRUE,left,1,46,[1. 0.]
TRUE,left,1,41,[1. 0.]
TRUE,left,1,43,[1. 0.]
TRUE,left,0,42,[1. 0.]
TRUE,left,0,43,[1. 0.]
TRUE,left,1,37,[1. 0.]
TRUE,left,0,12,[1. 0.]
TRUE,left,1,37,[1. 0.]
TRUE,left,0,30,[1. 0.]
TRUE,left,1,17,[1. 0.]
TRUE,left,1,30,[1. 0.]
TRUE,left,1,41,[1. 0.]
TRUE,left,1,19,[1. 0.]
TRUE,left,1,31,[1. 0.]
TRUE,left,0,39,[1. 0.]
TRUE,left,0,30,[1. 0.]
TRUE,left,1,17,[1. 0.]
TRUE,left,1,33,[1. 0.]
TRUE,left,0,22,[1. 0.]
TRUE,left,0,20,[1. 0.]
TRUE,left,0,32,[1. 0.]
TRUE,left,0,16,[1. 0.]
TRUE,left,0,41,[1. 0.]
TRUE,left,0,32,[1. 0.]
TRUE,left,0,10,[1. 0.]
TRUE,left,0,18,[1. 0.]
TRUE,left,1,26,[1. 0.]
TRUE,left,0,31,[1. 0.]
TRUE,left,0,33,[1. 0.]
TRUE,left,1,29,[1. 0.]
TRUE,left,1,12,[1. 0.]
TRUE,left,0,29,[1. 0.]
TRUE,left,0,28,[1. 0.]
TRUE,left,1,45,[1. 0.]
TRUE,left,1,38,[1. 0.]
TRUE,left,1,16,[1. 0.]
TRUE,left,1,28,[1. 0.]
TRUE,left,1,31,[1. 0.]
TRUE,left,0,40,[1. 0.]
TRUE,left,0,44,[1. 0.]
TRUE,left,0,30,[1. 0.]
TRUE,left,0,50,[1. 0.]
TRUE,left,0,37,[1. 0.]
TRUE,left,1,15,[1. 0.]
TRUE,left,0,42,[1. 0.]
TRUE,left,0,17,[1. 0.]
TRUE,left,0,33,[1. 0.]
TRUE,left,0,42,[1. 0.]
TRUE,left,0,42,[1. 0.]
TRUE,left,1,39,[1. 0.]
TRUE,left,0,22,[1. 0.]
TRUE,left,1,20,[1. 0.]
TRUE,left,1,37,[1. 0.]
TRUE,left,0,25,[1. 0.]
TRUE,left,0,15,[1. 0.]
TRUE,left,1,42,[1. 0.]
TRUE,left,1,41,[1. 0.]
TRUE,left,1,28,[1. 0.]
TRUE,left,0,30,[1. 0.]
TRUE,left,0,49,[1. 0.]
TRUE,left,0,14,[1. 0.]
TRUE,left,1,37,[1. 0.]
TRUE,left,1,49,[1. 0.]
TRUE,left,0,24,[1. 0.]
TRUE,left,1,31,[1. 0.]
TRUE,left,0,40,[1. 0.]
TRUE,left,0,38,[1. 0.]
TRUE,left,0,24,[1. 0.]
TRUE,left,0,34,[1. 0.]
TRUE,left,1,29,[1. 0.]
TRUE,left,1,37,[1. 0.]
TRUE,left,0,43,[1. 0.]
TRUE,left,1,13,[1. 0.]
TRUE,left,0,39,[1. 0.]
TRUE,left,0,17,[1. 0.]
TRUE,left,0,40,[1. 0.]
TRUE,left,0,26,[1. 0.]
TRUE,left,1,29,[1. 0.]
TRUE,left,1,11,[1. 0.]
TRUE,left,0,39,[1. 0.]
TRUE,left,1,14,[1. 0.]
TRUE,left,0,33,[1. 0.]
TRUE,left,0,44,[1. 0.]
TRUE,left,0,18,[1. 0.]
TRUE,left,0,38,[1. 0.]
TRUE,left,0,17,[1. 0.]
TRUE,left,1,47,[1. 0.]
TRUE,left,0,46,[1. 0.]
TRUE,left,0,21,[1. 0.]
TRUE,left,1,26,[1. 0.]
TRUE,left,1,38,[1. 0.]
TRUE,left,0,24,[1. 0.]
TRUE,left,1,49,[1. 0.]
TRUE,left,1,13,[1. 0.]
TRUE,left,1,32,[1. 0.]
TRUE,left,0,29,[1. 0.]
TRUE,left,1,31,[1. 0.]
TRUE,left,0,47,[1. 0.]
TRUE,left,1,47,[1. 0.]
TRUE,left,1,20,[1. 0.]
TRUE,left,0,22,[1. 0.]
TRUE,left,0,39,[1. 0.]
TRUE,left,1,29,[1. 0.]
TRUE,left,1,21,[1. 0.]
TRUE,left,0,46,[1. 0.]
TRUE,left,1,40,[1. 0.]
TRUE,left,1,10,[1. 0.]
TRUE,left,1,32,[1. 0.]
TRUE,left,0,46,[1. 0.]
TRUE,left,1,37,[1. 0.]
TRUE,left,0,23,[1. 0.]
TRUE,left,1,27,[1. 0.]
TRUE,left,0,50,[1. 0.]
TRUE,left,0,37,[1. 0.]
TRUE,left,1,18,[1. 0.]
TRUE,left,0,13,[1. 0.]
TRUE,left,1,45,[1. 0.]
TRUE,left,1,36,[1. 0.]
TRUE,left,0,35,[1. 0.]
TRUE,left,0,17,[1. 0.]
TRUE,left,1,31,[1. 0.]
TRUE,left,0,42,[1. 0.]
TRUE,left,1,47,[1. 0.]
TRUE,left,0,11,[1. 0.]
TRUE,left,0,31,[1. 0.]
TRUE,left,1,41,[1. 0.]
TRUE,left,0,44,[1. 0.]
TRUE,left,1,33,[1. 0.]
TRUE,left,1,35,[1. 0.]
TRUE,left,0,50,[1. 0.]
TRUE,left,1,36,[1. 0.]
TRUE,left,1,50,[1. 0.]
TRUE,left,0,42,[1. 0.]
TRUE,left,1,29,[1. 0.]
TRUE,left,0,23,[1. 0.]
TRUE,left,1,49,[1. 0.]
TRUE,left,1,11,[1. 0.]
TRUE,left,1,47,[1. 0.]
TRUE,left,0,49,[1. 0.]
TRUE,left,0,46,[1. 0.]
TRUE,left,0,18,[1. 0.]
TRUE,left,0,16,[1. 0.]
TRUE,left,0,13,[1. 0.]
TRUE,left,1,38,[1. 0.]
TRUE,left,0,12,[1. 0.]
TRUE,left,1,38,[1. 0.]
TRUE,left,1,45,[1. 0.]
TRUE,left,1,39,[1. 0.]
TRUE,left,1,38,[1. 0.]
TRUE,left,1,49,[1. 0.]
TRUE,left,1,40,[1. 0.]
TRUE,left,1,13,[1. 0.]
TRUE,left,0,44,[1. 0.]
TRUE,left,1,20,[1. 0.]
TRUE,left,0,37,[1. 0.]
TRUE,left,0,25,[1. 0.]
TRUE,left,1,20,[1. 0.]
TRUE,left,0,22,[1. 0.]
TRUE,left,1,15,[1. 0.]
TRUE,left,1,14,[1. 0.]
TRUE,left,0,33,[1. 0.]
TRUE,left,0,39,[1. 0.]
TRUE,left,1,11,[1. 0.]
TRUE,left,1,23,[1. 0.]
TRUE,left,1,37,[1. 0.]
TRUE,left,0,41,[1. 0.]
TRUE,left,1,39,[1. 0.]
TRUE,left,1,32,[1. 0.]
TRUE,left,0,10,[1. 0.]
TRUE,left,0,20,[1. 0.]
TRUE,left,1,27,[1. 0.]
TRUE,left,0,32,[1. 0.]
TRUE,left,1,40,[1. 0.]
TRUE,left,1,32,[1. 0.]
TRUE,left,0,48,[1. 0.]
TRUE,left,0,50,[1. 0.]
TRUE,left,1,50,[1. 0.]
TRUE,left,0,49,[1. 0.]
TRUE,left,0,12,[1. 0.]
TRUE,left,0,43,[1. 0.]
TRUE,left,0,45,[1. 0.]
TRUE,left,0,10,[1. 0.]
TRUE,left,1,29,[1. 0.]
TRUE,left,0,17,[1. 0.]
TRUE,left,0,35,[1. 0.]
TRUE,left,1,18,[1. 0.]
TRUE,left,1,34,[1. 0.]
TRUE,left,0,24,[1. 0.]
TRUE,left,0,50,[1. 0.]
TRUE,left,1,33,[1. 0.]
TRUE,left,1,11,[1. 0.]
TRUE,left,1,34,[1. 0.]
TRUE,left,1,38,[1. 0.]
TRUE,left,0,35,[1. 0.]
TRUE,left,0,14,[1. 0.]
TRUE,left,1,44,[1. 0.]
TRUE,left,1,50,[1. 0.]
TRUE,left,0,35,[1. 0.]
TRUE,left,1,40,[1. 0.]
TRUE,left,1,42,[1. 0.]
TRUE,left,0,49,[1. 0.]
TRUE,left,0,18,[1. 0.]
TRUE,left,0,37,[1. 0.]
TRUE,left,1,30,[1. 0.]
TRUE,left,0,40,[1. 0.]
TRUE,left,0,22,[1. 0.]
TRUE,left,0,30,[1. 0.]
TRUE,left,0,15,[1. 0.]
TRUE,left,1,36,[1. 0.]
TRUE,left,1,50,[1. 0.]
TRUE,left,1,30,[1. 0.]
TRUE,left,1,19,[1. 0.]
TRUE,left,1,22,[1. 0.]
TRUE,left,0,31,[1. 0.]
TRUE,left,0,29,[1. 0.]
TRUE,left,0,36,[1. 0.]
TRUE,left,1,24,[1. 0.]
TRUE,left,0,46,[1. 0.]
TRUE,left,1,41,[1. 0.]
TRUE,left,1,34,[1. 0.]
TRUE,left,0,23,[1. 0.]
TRUE,left,1,25,[1. 0.]
TRUE,left,1,39,[1. 0.]
TRUE,left,0,29,[1. 0.]
TRUE,left,0,48,[1. 0.]
TRUE,left,0,37,[1. 0.]
TRUE,left,1,25,[1. 0.]
TRUE,left,1,31,[1. 0.]
TRUE,left,1,10,[1. 0.]
TRUE,left,0,39,[1. 0.]
TRUE,left,0,40,[1. 0.]
TRUE,left,1,25,[1. 0.]
TRUE,left,0,20,[1. 0.]
TRUE,left,0,35,[1. 0.]
TRUE,left,1,22,[1. 0.]
TRUE,left,1,47,[1. 0.]
TRUE,left,0,18,[1. 0.]
TRUE,left,1,13,[1. 0.]
TRUE,left,0,37,[1. 0.]
TRUE,left,0,37,[1. 0.]
TRUE,left,0,37,[1. 0.]
TRUE,left,1,13,[1. 0.]
TRUE,left,0,47,[1. 0.]
TRUE,left,0,50,[1. 0.]
TRUE,left,1,36,[1. 0.]
TRUE,left,0,33,[1. 0.]
TRUE,left,1,38,[1. 0.]
TRUE,left,0,47,[1. 0.]
TRUE,left,1,28,[1. 0.]
TRUE,left,1,20,[1. 0.]
TRUE,left,0,35,[1. 0.]
TRUE,left,1,18,[1. 0.]
TRUE,left,1,27,[1. 0.]
TRUE,left,0,19,[1. 0.]
TRUE,left,0,42,[1. 0.]
TRUE,left,0,47,[1. 0.]
TRUE,left,0,49,[1. 0.]
TRUE,left,0,12,[1. 0.]
TRUE,left,1,38,[1. 0.]
TRUE,left,0,26,[1. 0.]
TRUE,left,0,17,[1. 0.]
TRUE,left,0,38,[1. 0.]
TRUE,left,1,41,[1. 0.]
TRUE,left,0,29,[1. 0.]
TRUE,left,1,38,[1. 0.]
TRUE,left,1,22,[1. 0.]
TRUE,left,0,24,[1. 0.]
TRUE,left,0,17,[1. 0.]
TRUE,left,1,29,[1. 0.]
TRUE,left,1,17,[1. 0.]
TRUE,left,0,30,[1. 0.]
TRUE,left,1,42,[1. 0.]
TRUE,left,1,38,[1. 0.]
TRUE,left,0,45,[1. 0.]
TRUE,left,1,14,[1. 0.]
TRUE,left,0,41,[1. 0.]
TRUE,left,1,18,[1. 0.]
TRUE,left,0,17,[1. 0.]
TRUE,left,0,47,[1. 0.]
TRUE,left,1,11,[1. 0.]
TRUE,left,1,24,[1. 0.]
TRUE,left,1,49,[1. 0.]
TRUE,left,1,13,[1. 0.]
TRUE,left,0,35,[1. 0.]
TRUE,left,0,25,[1. 0.]
TRUE,left,1,23,[1. 0.]
TRUE,left,0,11,[1. 0.]
TRUE,left,1,18,[1. 0.]
TRUE,left,0,24,[1. 0.]
TRUE,left,0,29,[1. 0.]
TRUE,left,1,30,[1. 0.]
TRUE,left,0,42,[1. 0.]
TRUE,left,1,46,[1. 0.]
TRUE,left,1,49,[1. 0.]
TRUE,left,1,42,[1. 0.]
TRUE,left,0,20,[1. 0.]
TRUE,left,1,28,[1. 0.]
TRUE,left,1,34,[1. 0.]
TRUE,left,1,47,[1. 0.]
TRUE,left,1,17,[1. 0.]
TRUE,left,0,15,[1. 0.]
TRUE,left,0,17,[1. 0.]
TRUE,left,0,22,[1. 0.]
TRUE,left,1,15,[1. 0.]
TRUE,left,0,19,[1. 0.]
TRUE,left,1,26,[1. 0.]
TRUE,left,0,30,[1. 0.]
TRUE,left,0,49,[1. 0.]
TRUE,left,0,20,[1. 0.]
TRUE,left,0,37,[1. 0.]
TRUE,left,1,38,[1. 0.]
TRUE,left,1,41,[1. 0.]
TRUE,left,1,23,[1. 0.]
TRUE,left,1,26,[1. 0.]
TRUE,left,0,43,[1. 0.]
TRUE,left,1,16,[1. 0.]
TRUE,left,1,25,[1. 0.]
TRUE,left,1,42,[1. 0.]
TRUE,left,1,37,[1. 0.]
TRUE,left,1,47,[1. 0.]
TRUE,left,0,14,[1. 0.]
TRUE,left,0,31,[1. 0.]
TRUE,left,0,17,[1. 0.]
TRUE,left,0,30,[1. 0.]
TRUE,left,1,47,[1. 0.]
TRUE,left,0,29,[1. 0.]
TRUE,left,0,48,[1. 0.]
TRUE,left,0,41,[1. 0.]
TRUE,left,0,16,[1. 0.]
TRUE,left,1,37,[1. 0.]
TRUE,left,0,11,[1. 0.]
TRUE,left,0,42,[1. 0.]
TRUE,left,1,45,[1. 0.]
TRUE,left,0,47,[1. 0.]
TRUE,left,0,32,[1. 0.]
TRUE,left,1,22,[1. 0.]
TRUE,left,0,32,[1. 0.]
TRUE,left,1,13,[1. 0.]
TRUE,left,0,10,[1. 0.]
TRUE,left,0,37,[1. 0.]
TRUE,left,1,29,[1. 0.]
TRUE,left,1,36,[1. 0.]
TRUE,left,0,49,[1. 0.]
TRUE,left,1,47,[1. 0.]
TRUE,left,1,21,[1. 0.]
TRUE,left,0,45,[1. 0.]
TRUE,left,0,25,[1. 0.]
TRUE,left,0,13,[1. 0.]
TRUE,left,0,43,[1. 0.]
TRUE,left,1,32,[1. 0.]
TRUE,left,1,43,[1. 0.]
TRUE,left,1,13,[1. 0.]
TRUE,left,1,16,[1. 0.]
TRUE,left,1,47,[1. 0.]
TRUE,left,1,28,[1. 0.]
TRUE,left,0,34,[1. 0.]
TRUE,left,1,42,[1. 0.]
TRUE,left,1,49,[1. 0.]
TRUE,left,1,26,[1. 0.]
TRUE,left,0,47,[1. 0.]
TRUE,left,1,26,[1. 0.]
TRUE,left,0,49,[1. 0.]
TRUE,left,0,43,[1. 0.]
TRUE,left,1,28,[1. 0.]
TRUE,left,1,18,[1. 0.]
TRUE,left,1,19,[1. 0.]
TRUE,left,1,16,[1. 0.]
TRUE,left,1,31,[1. 0.]
TRUE,left,0,34,[1. 0.]
TRUE,left,0,22,[1. 0.]
TRUE,left,1,47,[1. 0.]
TRUE,left,1,46,[1. 0.]
TRUE,left,1,21,[1. 0.]
TRUE,left,1,16,[1. 0.]
TRUE,left,0,37,[1. 0.]
TRUE,left,1,39,[1. 0.]
TRUE,left,0,21,[1. 0.]
TRUE,left,1,15,[1. 0.]
TRUE,left,1,25,[1. 0.]
TRUE,left,0,33,[1. 0.]
TRUE,left,0,29,[1. 0.]
TRUE,left,0,50,[1. 0.]
TRUE,left,0,41,[1. 0.]
TRUE,left,0,25,[1. 0.]
TRUE,left,0,29,[1. 0.]
TRUE,left,1,46,[1. 0.]
TRUE,left,0,50,[1. 0.]
TRUE,left,1,23,[1. 0.]
TRUE,left,1,28,[1. 0.]
TRUE,left,0,47,[1. 0.]
TRUE,left,1,42,[1. 0.]
TRUE,left,1,21,[1. 0.]
TRUE,left,1,19,[1. 0.]
TRUE,left,0,47,[1. 0.]
TRUE,left,1,49,[1. 0.]
TRUE,left,0,49,[1. 0.]
TRUE,left,0,38,[1. 0.]
TRUE,left,0,37,[1. 0.]
TRUE,left,0,44,[1. 0.]
TRUE,left,0,30,[1. 0.]
TRUE,left,1,50,[1. 0.]
TRUE,left,1,50,[1. 0.]
TRUE,left,0,15,[1. 0.]
TRUE,left,1,46,[1. 0.]
TRUE,left,1,33,[1. 0.]
TRUE,left,1,22,[1. 0.]
TRUE,left,1,17,[1. 0.]
TRUE,left,0,43,[1. 0.]
TRUE,left,1,30,[1. 0.]
TRUE,left,1,22,[1. 0.]
TRUE,left,0,50,[1. 0.]
TRUE,left,0,32,[1. 0.]
TRUE,left,1,26,[1. 0.]
TRUE,left,1,49,[1. 0.]
TRUE,left,1,43,[1. 0.]
TRUE,left,1,19,[1. 0.]
TRUE,left,1,14,[1. 0.]
TRUE,left,0,48,[1. 0.]
TRUE,left,0,47,[1. 0.]
TRUE,left,1,49,[1. 0.]
TRUE,left,0,48,[1. 0.]
TRUE,left,0,28,[1. 0.]
TRUE,left,0,44,[1. 0.]
TRUE,left,0,25,[1. 0.]
TRUE,left,0,31,[1. 0.]
TRUE,left,0,17,[1. 0.]
TRUE,left,1,41,[1. 0.]
TRUE,left,1,36,[1. 0.]
TRUE,left,0,23,[1. 0.]
TRUE,left,1,16,[1. 0.]
TRUE,left,1,17,[1. 0.]
TRUE,left,0,26,[1. 0.]
TRUE,left,1,24,[1. 0.]
TRUE,left,0,38,[1. 0.]
TRUE,left,0,32,[1. 0.]
TRUE,left,1,32,[1. 0.]
TRUE,left,0,20,[1. 0.]
TRUE,left,0,45,[1. 0.]
TRUE,left,1,22,[1. 0.]
TRUE,left,1,11,[1. 0.]
TRUE,left,1,31,[1. 0.]
TRUE,left,1,50,[1. 0.]
TRUE,left,1,27,[1. 0.]
TRUE,left,0,23,[1. 0.]
TRUE,left,1,35,[1. 0.]
TRUE,left,1,24,[1. 0.]
TRUE,left,1,26,[1. 0.]
TRUE,left,0,26,[1. 0.]
TRUE,left,1,48,[1. 0.]
TRUE,left,0,31,[1. 0.]
TRUE,left,0,41,[1. 0.]
TRUE,left,1,35,[1. 0.]
TRUE,left,0,14,[1. 0.]
TRUE,left,0,33,[1. 0.]
TRUE,left,0,32,[1. 0.]
TRUE,left,1,29,[1. 0.]
TRUE,left,1,34,[1. 0.]
TRUE,left,0,20,[1. 0.]
TRUE,left,1,48,[1. 0.]
TRUE,left,1,31,[1. 0.]
TRUE,left,0,40,[1. 0.]
TRUE,left,1,41,[1. 0.]
TRUE,left,1,33,[1. 0.]
TRUE,left,1,24,[1. 0.]
TRUE,left,0,37,[1. 0.]
TRUE,left,1,25,[1. 0.]
TRUE,left,0,29,[1. 0.]
TRUE,left,1,13,[1. 0.]
TRUE,left,0,12,[1. 0.]
TRUE,left,0,21,[1. 0.]
TRUE,left,0,50,[1. 0.]
TRUE,left,0,16,[1. 0.]
TRUE,left,0,50,[1. 0.]
TRUE,left,1,16,[1. 0.]
TRUE,left,0,20,[1. 0.]
TRUE,left,1,33,[1. 0.]
TRUE,left,1,12,[1. 0.]
TRUE,left,1,38,[1. 0.]
TRUE,left,0,12,[1. 0.]
TRUE,left,0,17,[1. 0.]
TRUE,left,1,11,[1. 0.]
TRUE,left,1,13,[1. 0.]
TRUE,left,0,29,[1. 0.]
TRUE,left,0,44,[1. 0.]
TRUE,left,1,45,[1. 0.]
TRUE,left,0,38,[1. 0.]
TRUE,left,1,22,[1. 0.]
TRUE,left,1,29,[1. 0.]
TRUE,left,0,46,[1. 0.]
TRUE,left,0,42,[1. 0.]
TRUE,left,0,22,[1. 0.]
TRUE,left,0,20,[1. 0.]
TRUE,left,0,32,[1. 0.]
TRUE,left,1,49,[1. 0.]
TRUE,left,0,13,[1. 0.]
TRUE,left,0,26,[1. 0.]
TRUE,left,0,21,[1. 0.]
TRUE,left,0,22,[1. 0.]
TRUE,left,0,20,[1. 0.]
TRUE,left,0,21,[1. 0.]
TRUE,left,1,18,[1. 0.]
TRUE,left,0,18,[1. 0.]
TRUE,left,1,30,[1. 0.]
TRUE,left,0,33,[1. 0.]
TRUE,left,1,26,[1. 0.]
TRUE,left,1,41,[1. 0.]
TRUE,left,1,43,[1. 0.]
TRUE,left,0,14,[1. 0.]
TRUE,left,0,36,[1. 0.]
TRUE,left,1,30,[1. 0.]
TRUE,left,0,41,[1. 0.]
TRUE,left,1,19,[1. 0.]
TRUE,left,1,13,[1. 0.]
TRUE,left,0,15,[1. 0.]
TRUE,left,0,15,[1. 0.]
TRUE,left,0,16,[1. 0.]
TRUE,left,1,47,[1. 0.]
TRUE,left,1,26,[1. 0.]
TRUE,left,0,17,[1. 0.]
TRUE,left,0,30,[1. 0.]
TRUE,left,0,45,[1. 0.]
TRUE,left,0,29,[1. 0.]
TRUE,left,1,34,[1. 0.]
TRUE,left,1,14,[1. 0.]
TRUE,left,1,48,[1. 0.]
TRUE,left,1,21,[1. 0.]
TRUE,left,1,22,[1. 0.]
TRUE,left,0,39,[1. 0.]
TRUE,left,0,37,[1. 0.]
TRUE,left,1,43,[1. 0.]
TRUE,left,1,43,[1. 0.]
TRUE,left,1,40,[1. 0.]
TRUE,left,0,32,[1. 0.]
TRUE,left,0,32,[1. 0.]
TRUE,left,1,22,[1. 0.]
TRUE,left,1,20,[1. 0.]
TRUE,left,0,35,[1. 0.]
TRUE,left,1,24,[1. 0.]
TRUE,left,1,33,[1. 0.]
TRUE,left,1,14,[1. 0.]
TRUE,left,1,41,[1. 0.]
TRUE,left,1,27,[1. 0.]
TRUE,left,1,45,[1. 0.]
TRUE,left,0,25,[1. 0.]
TRUE,left,1,44,[1. 0.]
TRUE,left,1,10,[1. 0.]
TRUE,left,1,45,[1. 0.]
TRUE,left,1,31,[1. 0.]
TRUE,left,0,37,[1. 0.]
TRUE,left,0,26,[1. 0.]
TRUE,left,0,27,[1. 0.]
TRUE,left,0,46,[1. 0.]
TRUE,left,1,45,[1. 0.]
TRUE,left,1,44,[1. 0.]
TRUE,left,1,31,[1. 0.]
TRUE,left,0,45,[1. 0.]
TRUE,left,0,22,[1. 0.]
TRUE,left,0,13,[1. 0.]
TRUE,left,0,46,[1. 0.]
TRUE,left,1,16,[1. 0.]
TRUE,left,1,49,[1. 0.]
TRUE,left,0,48,[1. 0.]
TRUE,left,1,38,[1. 0.]
TRUE,left,1,12,[1. 0.]
TRUE,left,0,32,[1. 0.]
TRUE,left,0,37,[1. 0.]
TRUE,left,1,44,[1. 0.]
TRUE,left,1,38,[1. 0.]
TRUE,left,0,38,[1. 0.]
TRUE,left,1,18,[1. 0.]
TRUE,left,0,15,[1. 0.]
TRUE,left,0,48,[1. 0.]
TRUE,left,1,12,[1. 0.]
TRUE,left,1,30,[1. 0.]
TRUE,left,0,38,[1. 0.]
TRUE,left,1,11,[1. 0.]
TRUE,left,1,41,[1. 0.]
TRUE,left,0,25,[1. 0.]
TRUE,left,0,19,[1. 0.]
TRUE,left,1,45,[1. 0.]
TRUE,left,0,10,[1. 0.]
TRUE,left,1,45,[1. 0.]
TRUE,left,0,36,[1. 0.]
TRUE,left,0,19,[1. 0.]
TRUE,left,0,40,[1. 0.]
TRUE,left,1,26,[1. 0.]
TRUE,left,0,35,[1. 0.]
TRUE,left,0,38,[1. 0.]
TRUE,left,1,19,[1. 0.]
TRUE,left,0,38,[1. 0.]
TRUE,left,0,42,[1. 0.]
TRUE,left,0,19,[1. 0.]
TRUE,left,1,10,[1. 0.]
TRUE,left,0,47,[1. 0.]
TRUE,left,0,31,[1. 0.]
TRUE,left,1,33,[1. 0.]
TRUE,left,1,41,[1. 0.]
TRUE,left,1,11,[1. 0.]
TRUE,left,0,49,[1. 0.]
TRUE,left,1,40,[1. 0.]
TRUE,left,1,31,[1. 0.]
TRUE,left,0,50,[1. 0.]
TRUE,left,1,50,[1. 0.]
TRUE,left,1,19,[1. 0.]
TRUE,left,0,46,[1. 0.]
TRUE,left,1,16,[1. 0.]
TRUE,left,1,49,[1. 0.]
TRUE,left,1,23,[1. 0.]
TRUE,left,1,47,[1. 0.]
TRUE,left,0,17,[1. 0.]
TRUE,left,0,49,[1. 0.]
TRUE,left,0,44,[1. 0.]
TRUE,left,0,21,[1. 0.]
TRUE,left,1,33,[1. 0.]
TRUE,left,1,39,[1. 0.]
TRUE,left,1,45,[1. 0.]
TRUE,left,1,21,[1. 0.]
TRUE,left,0,46,[1. 0.]
TRUE,left,1,14,[1. 0.]
TRUE,left,1,18,[1. 0.]
TRUE,left,0,10,[1. 0.]
TRUE,left,1,50,[1. 0.]
TRUE,left,0,48,[1. 0.]
TRUE,left,0,40,[1. 0.]
TRUE,left,0,27,[1. 0.]
TRUE,left,0,18,[1. 0.]
TRUE,left,0,28,[1. 0.]
TRUE,left,0,19,[1. 0.]
TRUE,left,0,23,[1. 0.]
TRUE,left,0,28,[1. 0.]
TRUE,left,0,38,[1. 0.]
TRUE,left,1,38,[1. 0.]
TRUE,left,1,43,[1. 0.]
TRUE,left,0,40,[1. 0.]
TRUE,left,0,43,[1. 0.]
TRUE,left,0,45,[1. 0.]
TRUE,left,1,33,[1. 0.]
TRUE,left,1,26,[1. 0.]
TRUE,left,0,19,[1. 0.]
TRUE,left,1,33,[1. 0.]
TRUE,left,1,29,[1. 0.]
TRUE,left,0,34,[1. 0.]
TRUE,left,0,50,[1. 0.]
TRUE,left,0,29,[1. 0.]
TRUE,left,0,40,[1. 0.]
TRUE,left,0,19,[1. 0.]
TRUE,left,0,10,[1. 0.]
TRUE,left,0,11,[1. 0.]
TRUE,left,0,35,[1. 0.]
TRUE,left,0,11,[1. 0.]
TRUE,left,1,35,[1. 0.]
TRUE,left,1,42,[1. 0.]
TRUE,left,1,15,[1. 0.]
TRUE,left,1,43,[1. 0.]
TRUE,left,1,50,[1. 0.]
TRUE,left,1,24,[1. 0.]
TRUE,left,0,33,[1. 0.]
TRUE,left,1,18,[1. 0.]
TRUE,left,1,31,[1. 0.]
TRUE,left,1,30,[1. 0.]
TRUE,left,0,44,[1. 0.]
TRUE,left,0,28,[1. 0.]
TRUE,left,1,11,[1. 0.]
TRUE,left,0,25,[1. 0.]
TRUE,left,1,13,[1. 0.]
TRUE,left,1,49,[1. 0.]
TRUE,left,1,10,[1. 0.]
TRUE,left,1,29,[1. 0.]
TRUE,left,0,47,[1. 0.]
TRUE,left,0,49,[1. 0.]
TRUE,left,1,12,[1. 0.]
TRUE,left,1,20,[1. 0.]
TRUE,left,0,24,[1. 0.]
TRUE,left,1,12,[1. 0.]
TRUE,left,0,40,[1. 0.]
TRUE,left,1,15,[1. 0.]
TRUE,left,0,21,[1. 0.]
TRUE,left,1,19,[1. 0.]
TRUE,left,1,23,[1. 0.]
TRUE,left,0,36,[1. 0.]
TRUE,left,0,15,[1. 0.]
TRUE,left,1,24,[1. 0.]
TRUE,left,0,36,[1. 0.]
TRUE,left,1,25,[1. 0.]
TRUE,left,1,28,[1. 0.]
TRUE,left,0,30,[1. 0.]
TRUE,left,0,40,[1. 0.]
TRUE,left,1,14,[1. 0.]
TRUE,left,0,40,[1. 0.]
TRUE,left,0,38,[1. 0.]
TRUE,left,1,19,[1. 0.]
TRUE,left,0,48,[1. 0.]
TRUE,left,0,23,[1. 0.]
TRUE,left,0,25,[1. 0.]
TRUE,left,0,17,[1. 0.]
TRUE,left,0,22,[1. 0.]
TRUE,left,0,36,[1. 0.]
TRUE,left,0,27,[1. 0.]
TRUE,left,1,28,[1. 0.]
TRUE,left,1,15,[1. 0.]
TRUE,left,1,16,[1. 0.]
TRUE,left,0,28,[1. 0.]
TRUE,left,1,29,[1. 0.]
TRUE,left,1,24,[1. 0.]
TRUE,left,0,15,[1. 0.]
TRUE,left,1,31,[1. 0.]
TRUE,left,1,14,[1. 0.]
TRUE,left,1,30,[1. 0.]
TRUE,left,1,46,[1. 0.]
TRUE,left,0,10,[1. 0.]
TRUE,left,1,22,[1. 0.]
TRUE,left,1,30,[1. 0.]
TRUE,left,0,29,[1. 0.]
TRUE,left,0,21,[1. 0.]
TRUE,left,1,46,[1. 0.]
TRUE,left,0,39,[1. 0.]
TRUE,left,1,29,[1. 0.]
TRUE,left,1,20,[1. 0.]
TRUE,left,1,37,[1. 0.]
TRUE,left,0,27,[1. 0.]
TRUE,left,0,47,[1. 0.]
TRUE,left,0,13,[1. 0.]
TRUE,left,1,24,[1. 0.]
TRUE,left,1,47,[1. 0.]
TRUE,left,0,16,[1. 0.]
TRUE,left,0,19,[1. 0.]
TRUE,left,0,16,[1. 0.]
TRUE,left,1,39,[1. 0.]
TRUE,left,0,11,[1. 0.]
TRUE,left,0,30,[1. 0.]
TRUE,left,0,44,[1. 0.]
TRUE,left,1,36,[1. 0.]
TRUE,left,0,37,[1. 0.]
TRUE,left,0,41,[1. 0.]
TRUE,left,0,48,[1. 0.]
TRUE,left,0,32,[1. 0.]
TRUE,left,0,10,[1. 0.]
TRUE,left,0,33,[1. 0.]
TRUE,left,0,30,[1. 0.]
TRUE,left,1,19,[1. 0.]
TRUE,left,0,27,[1. 0.]
TRUE,left,1,30,[1. 0.]
TRUE,left,0,38,[1. 0.]
TRUE,left,1,32,[1. 0.]
TRUE,left,1,39,[1. 0.]
TRUE,left,1,33,[1. 0.]
TRUE,left,1,46,[1. 0.]
TRUE,left,1,17,[1. 0.]
TRUE,left,1,33,[1. 0.]
TRUE,left,1,24,[1. 0.]
TRUE,left,1,40,[1. 0.]
TRUE,left,0,10,[1. 0.]
TRUE,left,0,19,[1. 0.]
TRUE,left,0,30,[1. 0.]
TRUE,left,1,12,[1. 0.]
TRUE,left,1,13,[1. 0.]
TRUE,left,0,19,[1. 0.]
TRUE,left,1,30,[1. 0.]
TRUE,left,1,30,[1. 0.]
TRUE,left,0,48,[1. 0.]
TRUE,left,1,25,[1. 0.]
TRUE,left,0,50,[1. 0.]
TRUE,left,1,37,[1. 0.]
TRUE,left,0,17,[1. 0.]
TRUE,left,0,18,[1. 0.]
TRUE,left,0,13,[1. 0.]
TRUE,left,1,28,[1. 0.]
TRUE,left,1,29,[1. 0.]
TRUE,left,1,24,[1. 0.]
TRUE,left,1,18,[1. 0.]
TRUE,left,1,14,[1. 0.]
TRUE,left,0,30,[1. 0.]
TRUE,left,1,19,[1. 0.]
TRUE,left,1,50,[1. 0.]
TRUE,left,0,28,[1. 0.]
TRUE,left,1,37,[1. 0.]
TRUE,left,1,26,[1. 0.]
TRUE,left,1,24,[1. 0.]
TRUE,left,1,39,[1. 0.]
TRUE,left,1,23,[1. 0.]
TRUE,left,0,43,[1. 0.]
TRUE,left,1,39,[1. 0.]
TRUE,left,0,17,[1. 0.]
TRUE,left,1,27,[1. 0.]
TRUE,left,0,19,[1. 0.]
TRUE,left,1,34,[1. 0.]
TRUE,left,1,21,[1. 0.]
TRUE,left,1,28,[1. 0.]
TRUE,left,1,24,[1. 0.]
TRUE,left,0,17,[1. 0.]
TRUE,left,0,16,[1. 0.]
TRUE,left,0,23,[1. 0.]
TRUE,left,0,37,[1. 0.]
TRUE,left,0,21,[1. 0.]
TRUE,left,1,31,[1. 0.]
TRUE,left,0,42,[1. 0.]
TRUE,left,1,31,[1. 0.]
TRUE,left,0,19,[1. 0.]
TRUE,left,0,29,[1. 0.]
TRUE,left,1,21,[1. 0.]
TRUE,left,0,44,[1. 0.]
TRUE,left,0,41,[1. 0.]
TRUE,left,1,49,[1. 0.]
TRUE,left,1,11,[1. 0.]
TRUE,left,0,44,[1. 0.]
TRUE,left,1,13,[1. 0.]
TRUE,left,1,38,[1. 0.]
TRUE,left,0,48,[1. 0.]
TRUE,left,1,28,[1. 0.]
TRUE,left,1,39,[1. 0.]
TRUE,left,1,20,[1. 0.]
TRUE,left,0,10,[1. 0.]
TRUE,left,0,50,[1. 0.]
TRUE,left,0,11,[1. 0.]
TRUE,left,0,40,[1. 0.]
TRUE,left,1,48,[1. 0.]
TRUE,left,1,42,[1. 0.]
TRUE,left,1,45,[1. 0.]
TRUE,left,0,18,[1. 0.]
TRUE,left,1,20,[1. 0.]
TRUE,left,0,48,[1. 0.]
TRUE,left,1,23,[1. 0.]
TRUE,left,1,10,[1. 0.]
TRUE,left,1,15,[1. 0.]
TRUE,left,0,44,[1. 0.]
TRUE,left,0,36,[1. 0.]
TRUE,left,1,29,[1. 0.]
TRUE,left,1,12,[1. 0.]
TRUE,left,1,16,[1. 0.]
TRUE,left,1,12,[1. 0.]
TRUE,left,1,40,[1. 0.]
TRUE,left,1,36,[1. 0.]
TRUE,left,1,36,[1. 0.]
TRUE,left,0,42,[1. 0.]
TRUE,left,0,30,[1. 0.]
TRUE,left,0,37,[1. 0.]
TRUE,left,0,43,[1. 0.]
TRUE,left,0,26,[1. 0.]
TRUE,left,1,43,[1. 0.]
TRUE,left,1,35,[1. 0.]
TRUE,left,1,16,[1. 0.]
TRUE,left,1,11,[1. 0.]
TRUE,left,0,29,[1. 0.]
TRUE,left,0,32,[1. 0.]
TRUE,left,0,40,[1. 0.]
TRUE,left,0,39,[1. 0.]
TRUE,left,0,26,[1. 0.]
TRUE,left,0,41,[1. 0.]
TRUE,left,1,45,[1. 0.]
TRUE,left,0,14,[1. 0.]
TRUE,left,0,43,[1. 0.]
TRUE,left,0,33,[1. 0.]
TRUE,left,1,17,[1. 0.]
TRUE,left,0,16,[1. 0.]
TRUE,left,0,44,[1. 0.]
TRUE,left,0,42,[1. 0.]
TRUE,left,0,21,[1. 0.]
TRUE,left,0,45,[1. 0.]
TRUE,left,1,36,[1. 0.]
TRUE,left,1,29,[1. 0.]
TRUE,left,1,18,[1. 0.]
TRUE,left,1,12,[1. 0.]
TRUE,left,0,17,[1. 0.]
TRUE,left,1,12,[1. 0.]
TRUE,left,1,41,[1. 0.]
TRUE,left,1,14,[1. 0.]
TRUE,left,0,34,[1. 0.]
TRUE,left,0,48,[1. 0.]
TRUE,left,0,18,[1. 0.]
TRUE,left,0,31,[1. 0.]
TRUE,left,1,32,[1. 0.]
TRUE,left,0,27,[1. 0.]
TRUE,left,1,45,[1. 0.]
TRUE,left,1,12,[1. 0.]
TRUE,left,0,44,[1. 0.]
TRUE,left,1,49,[1. 0.]
TRUE,left,1,29,[1. 0.]
TRUE,left,0,19,[1. 0.]
TRUE,left,0,44,[1. 0.]
TRUE,left,0,37,[1. 0.]
TRUE,left,0,25,[1. 0.]
TRUE,left,1,20,[1. 0.]
TRUE,left,1,39,[1. 0.]
TRUE,left,0,31,[1. 0.]
TRUE,left,1,48,[1. 0.]
TRUE,left,1,31,[1. 0.]
TRUE,left,1,28,[1. 0.]
TRUE,left,1,41,[1. 0.]
TRUE,left,1,10,[1. 0.]
TRUE,left,1,37,[1. 0.]
TRUE,left,0,36,[1. 0.]
TRUE,left,0,50,[1. 0.]
TRUE,left,0,24,[1. 0.]
TRUE,left,1,49,[1. 0.]
TRUE,left,1,47,[1. 0.]
TRUE,left,0,39,[1. 0.]
TRUE,left,1,41,[1. 0.]
TRUE,left,0,26,[1. 0.]
TRUE,left,0,43,[1. 0.]
TRUE,left,0,41,[1. 0.]
TRUE,left,0,12,[1. 0.]
TRUE,left,0,35,[1. 0.]
TRUE,left,0,50,[1. 0.]
TRUE,left,1,49,[1. 0.]
TRUE,left,1,34,[1. 0.]
TRUE,left,0,44,[1. 0.]
TRUE,left,1,34,[1. 0.]
TRUE,left,1,35,[1. 0.]
TRUE,left,0,15,[1. 0.]
TRUE,left,0,47,[1. 0.]
TRUE,left,1,13,[1. 0.]
TRUE,left,0,13,[1. 0.]
TRUE,left,0,38,[1. 0.]
TRUE,left,0,30,[1. 0.]
TRUE,left,0,38,[1. 0.]
TRUE,left,0,24,[1. 0.]
TRUE,left,1,36,[1. 0.]
TRUE,left,1,16,[1. 0.]
TRUE,left,1,26,[1. 0.]
TRUE,left,1,42,[1. 0.]
TRUE,left,1,43,[1. 0.]
TRUE,left,1,49,[1. 0.]
TRUE,left,1,26,[1. 0.]
TRUE,left,0,10,[1. 0.]
TRUE,left,0,32,[1. 0.]
TRUE,left,0,26,[1. 0.]
TRUE,left,0,44,[1. 0.]
TRUE,left,0,27,[1. 0.]
TRUE,left,1,41,[1. 0.]
TRUE,left,1,11,[1. 0.]
TRUE,left,0,19,[1. 0.]
TRUE,left,1,32,[1. 0.]
TRUE,left,1,37,[1. 0.]
TRUE,left,1,18,[1. 0.]
TRUE,left,1,38,[1. 0.]
TRUE,left,0,12,[1. 0.]
TRUE,left,0,21,[1. 0.]
TRUE,left,0,39,[1. 0.]
TRUE,left,1,22,[1. 0.]
TRUE,left,1,42,[1. 0.]
TRUE,left,0,13,[1. 0.]
TRUE,left,0,37,[1. 0.]
TRUE,left,0,44,[1. 0.]
TRUE,left,1,23,[1. 0.]
TRUE,left,0,48,[1. 0.]
TRUE,left,1,46,[1. 0.]
TRUE,left,1,35,[1. 0.]
TRUE,left,0,14,[1. 0.]
TRUE,left,0,48,[1. 0.]
TRUE,left,0,23,[1. 0.]
TRUE,left,1,31,[1. 0.]
TRUE,left,1,13,[1. 0.]
TRUE,left,0,24,[1. 0.]
TRUE,left,1,34,[1. 0.]
TRUE,left,0,46,[1. 0.]
TRUE,left,1,10,[1. 0.]
TRUE,left,0,47,[1. 0.]
TRUE,left,1,48,[1. 0.]
TRUE,left,0,27,[1. 0.]
TRUE,left,1,50,[1. 0.]
TRUE,left,0,15,[1. 0.]
TRUE,left,0,34,[1. 0.]
TRUE,left,1,13,[1. 0.]
TRUE,left,0,28,[1. 0.]
TRUE,left,1,10,[1. 0.]
TRUE,left,0,34,[1. 0.]
TRUE,left,0,30,[1. 0.]
TRUE,left,1,49,[1. 0.]
TRUE,left,0,50,[1. 0.]
TRUE,left,1,15,[1. 0.]
TRUE,left,1,28,[1. 0.]
TRUE,left,1,31,[1. 0.]
TRUE,left,1,27,[1. 0.]
TRUE,left,1,21,[1. 0.]
TRUE,left,0,18,[1. 0.]
TRUE,left,1,17,[1. 0.]
TRUE,left,1,48,[1. 0.]
TRUE,left,1,21,[1. 0.]
TRUE,left,1,29,[1. 0.]
TRUE,left,1,44,[1. 0.]
TRUE,left,0,29,[1. 0.]
TRUE,left,0,42,[1. 0.]
TRUE,left,1,49,[1. 0.]
TRUE,left,0,23,[1. 0.]
TRUE,left,0,28,[1. 0.]
TRUE,left,0,40,[1. 0.]
TRUE,left,0,24,[1. 0.]
TRUE,left,0,27,[1. 0.]
TRUE,left,1,43,[1. 0.]
TRUE,left,0,39,[1. 0.]
TRUE,left,1,31,[1. 0.]
TRUE,left,0,33,[1. 0.]
TRUE,left,1,27,[1. 0.]
TRUE,left,1,36,[1. 0.]
TRUE,left,1,47,[1. 0.]
TRUE,left,1,32,[1. 0.]
TRUE,left,0,30,[1. 0.]
TRUE,left,0,11,[1. 0.]
TRUE,left,0,34,[1. 0.]
TRUE,left,1,42,[1. 0.]
TRUE,left,0,29,[1. 0.]
TRUE,left,1,41,[1. 0.]
TRUE,left,1,17,[1. 0.]
TRUE,left,0,13,[1. 0.]
TRUE,left,0,23,[1. 0.]
TRUE,left,1,35,[1. 0.]
TRUE,left,0,29,[1. 0.]
TRUE,left,0,29,[1. 0.]
TRUE,left,1,10,[1. 0.]
TRUE,left,0,38,[1. 0.]
TRUE,left,0,36,[1. 0.]
TRUE,left,0,17,[1. 0.]
TRUE,left,1,11,[1. 0.]
TRUE,left,0,29,[1. 0.]
TRUE,left,1,49,[1. 0.]
TRUE,left,1,19,[1. 0.]
TRUE,left,0,39,[1. 0.]
TRUE,left,0,21,[1. 0.]
TRUE,left,0,33,[1. 0.]
TRUE,left,1,47,[1. 0.]
TRUE,left,1,50,[1. 0.]
TRUE,left,1,25,[1. 0.]
TRUE,left,0,12,[1. 0.]
TRUE,left,1,46,[1. 0.]
TRUE,left,0,29,[1. 0.]
TRUE,left,0,47,[1. 0.]
TRUE,left,1,39,[1. 0.]
TRUE,left,0,29,[1. 0.]
TRUE,left,1,17,[1. 0.]
TRUE,left,0,22,[1. 0.]
TRUE,left,0,11,[1. 0.]
TRUE,left,0,19,[1. 0.]
TRUE,left,0,18,[1. 0.]
TRUE,left,1,17,[1. 0.]
TRUE,left,1,26,[1. 0.]
TRUE,left,1,40,[1. 0.]
TRUE,left,1,35,[1. 0.]
TRUE,left,1,25,[1. 0.]
TRUE,left,0,16,[1. 0.]
TRUE,left,0,28,[1. 0.]
TRUE,left,1,19,[1. 0.]
TRUE,left,0,11,[1. 0.]
TRUE,left,0,32,[1. 0.]
TRUE,left,1,34,[1. 0.]
TRUE,left,1,43,[1. 0.]
TRUE,left,0,41,[1. 0.]
TRUE,left,1,45,[1. 0.]
TRUE,left,0,19,[1. 0.]
TRUE,left,1,22,[1. 0.]
TRUE,left,0,12,[1. 0.]
TRUE,left,0,43,[1. 0.]
TRUE,left,0,25,[1. 0.]
TRUE,left,0,39,[1. 0.]
TRUE,left,1,38,[1. 0.]
TRUE,left,1,35,[1. 0.]
TRUE,left,1,35,[1. 0.]
TRUE,left,0,16,[1. 0.]
TRUE,left,1,25,[1. 0.]
TRUE,left,0,24,[1. 0.]
TRUE,left,0,33,[1. 0.]
TRUE,left,1,30,[1. 0.]
TRUE,left,1,16,[1. 0.]
TRUE,left,1,25,[1. 0.]
TRUE,left,0,17,[1. 0.]
TRUE,left,1,37,[1. 0.]
TRUE,left,0,18,[1. 0.]
TRUE,left,0,24,[1. 0.]
TRUE,left,1,16,[1. 0.]
TRUE,left,1,31,[1. 0.]
TRUE,left,1,21,[1. 0.]
TRUE,left,1,18,[1. 0.]
TRUE,left,0,45,[1. 0.]
TRUE,left,0,30,[1. 0.]
TRUE,left,0,49,[1. 0.]
TRUE,left,0,29,[1. 0.]
TRUE,left,0,18,[1. 0.]
TRUE,left,0,23,[1. 0.]
TRUE,left,1,26,[1. 0.]
TRUE,left,0,21,[1. 0.]
TRUE,left,1,28,[1. 0.]
TRUE,left,0,45,[1. 0.]
TRUE,left,0,41,[1. 0.]
TRUE,left,1,26,[1. 0.]
TRUE,left,1,26,[1. 0.]
TRUE,left,1,14,[1. 0.]
TRUE,left,0,27,[1. 0.]
TRUE,left,1,18,[1. 0.]
TRUE,left,0,46,[1. 0.]
TRUE,left,1,19,[1. 0.]
TRUE,left,1,20,[1. 0.]
TRUE,left,0,13,[1. 0.]
TRUE,left,0,33,[1. 0.]
TRUE,left,0,48,[1. 0.]
TRUE,left,0,17,[1. 0.]
TRUE,left,0,17,[1. 0.]
TRUE,left,1,40,[1. 0.]
TRUE,left,0,46,[1. 0.]
TRUE,left,0,11,[1. 0.]
TRUE,left,1,38,[1. 0.]
TRUE,left,1,12,[1. 0.]
TRUE,left,0,37,[1. 0.]
TRUE,left,0,39,[1. 0.]
TRUE,left,0,22,[1. 0.]
TRUE,left,0,50,[1. 0.]
TRUE,left,0,42,[1. 0.]
TRUE,left,0,10,[1. 0.]
TRUE,left,1,38,[1. 0.]
TRUE,left,1,21,[1. 0.]
TRUE,left,0,40,[1. 0.]
TRUE,left,0,19,[1. 0.]
TRUE,left,1,24,[1. 0.]
TRUE,left,1,20,[1. 0.]
TRUE,left,1,48,[1. 0.]
TRUE,left,1,19,[1. 0.]
TRUE,left,1,20,[1. 0.]
TRUE,left,0,41,[1. 0.]
TRUE,left,1,30,[1. 0.]
TRUE,left,0,45,[1. 0.]
TRUE,left,0,31,[1. 0.]
TRUE,left,0,34,[1. 0.]
TRUE,left,0,17,[1. 0.]
TRUE,left,0,30,[1. 0.]
TRUE,left,1,15,[1. 0.]
TRUE,left,1,42,[1. 0.]
TRUE,left,1,42,[1. 0.]
TRUE,left,1,37,[1. 0.]
TRUE,left,1,16,[1. 0.]
TRUE,left,0,32,[1. 0.]
TRUE,left,0,45,[1. 0.]
TRUE,left,0,28,[1. 0.]
TRUE,left,0,27,[1. 0.]
TRUE,left,1,15,[1. 0.]
TRUE,left,0,12,[1. 0.]
TRUE,left,0,27,[1. 0.]
TRUE,left,0,34,[1. 0.]
TRUE,left,1,20,[1. 0.]
TRUE,left,1,28,[1. 0.]
TRUE,left,0,49,[1. 0.]
TRUE,left,0,35,[1. 0.]
TRUE,left,0,23,[1. 0.]
TRUE,left,1,29,[1. 0.]
TRUE,left,0,49,[1. 0.]
TRUE,left,0,11,[1. 0.]
TRUE,left,1,41,[1. 0.]
TRUE,left,0,50,[1. 0.]
TRUE,left,0,10,[1. 0.]
TRUE,left,1,27,[1. 0.]
TRUE,left,0,12,[1. 0.]
TRUE,left,0,45,[1. 0.]
TRUE,left,0,25,[1. 0.]
TRUE,left,1,46,[1. 0.]
TRUE,left,0,38,[1. 0.]
TRUE,left,0,33,[1. 0.]
TRUE,left,1,34,[1. 0.]
TRUE,left,0,15,[1. 0.]
TRUE,left,1,27,[1. 0.]
TRUE,left,0,41,[1. 0.]
TRUE,left,0,15,[1. 0.]
TRUE,left,1,20,[1. 0.]
TRUE,left,1,19,[1. 0.]
TRUE,left,0,13,[1. 0.]
TRUE,left,0,11,[1. 0.]
TRUE,left,0,17,[1. 0.]
TRUE,left,0,18,[1. 0.]
TRUE,left,0,24,[1. 0.]
TRUE,left,0,34,[1. 0.]
TRUE,left,0,12,[1. 0.]
TRUE,left,1,23,[1. 0.]
TRUE,left,0,26,[1. 0.]
TRUE,left,1,35,[1. 0.]
TRUE,left,1,40,[1. 0.]
TRUE,left,1,42,[1. 0.]
TRUE,left,0,15,[1. 0.]
TRUE,left,0,25,[1. 0.]
TRUE,left,1,26,[1. 0.]
TRUE,left,1,47,[1. 0.]
TRUE,left,0,22,[1. 0.]
TRUE,left,0,43,[1. 0.]
TRUE,left,1,22,[1. 0.]
TRUE,left,0,33,[1. 0.]
TRUE,left,0,26,[1. 0.]
TRUE,left,0,37,[1. 0.]
TRUE,left,1,36,[1. 0.]
TRUE,left,0,24,[1. 0.]
TRUE,left,0,35,[1. 0.]
TRUE,left,1,36,[1. 0.]
TRUE,left,0,12,[1. 0.]
TRUE,left,1,11,[1. 0.]
TRUE,left,1,48,[1. 0.]
TRUE,left,1,46,[1. 0.]
TRUE,left,1,47,[1. 0.]
TRUE,left,0,47,[1. 0.]
TRUE,left,1,41,[1. 0.]
TRUE,left,1,43,[1. 0.]
TRUE,left,1,44,[1. 0.]
TRUE,left,1,42,[1. 0.]
TRUE,left,1,37,[1. 0.]
TRUE,left,1,16,[1. 0.]
TRUE,left,0,36,[1. 0.]
TRUE,left,0,16,[1. 0.]
TRUE,left,0,48,[1. 0.]
TRUE,left,1,27,[1. 0.]
TRUE,left,1,19,[1. 0.]
TRUE,left,1,36,[1. 0.]
TRUE,left,0,33,[1. 0.]
TRUE,left,1,39,[1. 0.]
TRUE,left,0,21,[1. 0.]
TRUE,left,0,17,[1. 0.]
TRUE,left,0,30,[1. 0.]
TRUE,left,0,32,[1. 0.]
TRUE,left,0,41,[1. 0.]
TRUE,left,1,35,[1. 0.]
TRUE,left,1,30,[1. 0.]
TRUE,left,1,27,[1. 0.]
TRUE,left,0,47,[1. 0.]
TRUE,left,1,20,[1. 0.]
TRUE,left,1,19,[1. 0.]
TRUE,left,0,33,[1. 0.]
TRUE,left,1,31,[1. 0.]
TRUE,left,1,49,[1. 0.]
TRUE,left,0,47,[1. 0.]
TRUE,left,1,26,[1. 0.]
TRUE,left,0,30,[1. 0.]
TRUE,left,0,26,[1. 0.]
TRUE,left,0,26,[1. 0.]
TRUE,left,1,30,[1. 0.]
TRUE,left,0,38,[1. 0.]
TRUE,left,0,50,[1. 0.]
TRUE,left,1,11,[1. 0.]
TRUE,left,0,43,[1. 0.]
TRUE,left,0,16,[1. 0.]
TRUE,left,0,36,[1. 0.]
TRUE,left,0,14,[1. 0.]
TRUE,left,0,20,[1. 0.]
TRUE,left,1,31,[1. 0.]
TRUE,left,1,42,[1. 0.]
TRUE,left,0,36,[1. 0.]
TRUE,left,0,50,[1. 0.]
TRUE,left,0,11,[1. 0.]
TRUE,left,1,34,[1. 0.]
TRUE,left,1,47,[1. 0.]
TRUE,left,1,31,[1. 0.]
TRUE,left,1,20,[1. 0.]
TRUE,left,1,44,[1. 0.]
TRUE,left,0,49,[1. 0.]
TRUE,left,1,44,[1. 0.]
TRUE,left,0,42,[1. 0.]
TRUE,left,1,34,[1. 0.]
TRUE,left,1,40,[1. 0.]
TRUE,left,0,34,[1. 0.]
TRUE,left,0,18,[1. 0.]
TRUE,left,1,11,[1. 0.]
TRUE,left,1,25,[1. 0.]
TRUE,left,0,39,[1. 0.]
TRUE,left,1,41,[1. 0.]
TRUE,left,1,17,[1. 0.]
TRUE,left,0,25,[1. 0.]
TRUE,left,0,38,[1. 0.]
TRUE,left,0,29,[1. 0.]
TRUE,left,0,11,[1. 0.]
TRUE,left,0,34,[1. 0.]
TRUE,left,1,31,[1. 0.]
TRUE,left,0,24,[1. 0.]
TRUE,left,0,37,[1. 0.]
TRUE,left,1,11,[1. 0.]
TRUE,left,1,13,[1. 0.]
TRUE,left,1,14,[1. 0.]
TRUE,left,0,16,[1. 0.]
TRUE,left,1,40,[1. 0.]
TRUE,left,1,43,[1. 0.]
TRUE,left,0,30,[1. 0.]
TRUE,left,0,40,[1. 0.]
TRUE,left,1,26,[1. 0.]
TRUE,left,0,38,[1. 0.]
TRUE,left,1,34,[1. 0.]
TRUE,left,0,24,[1. 0.]
TRUE,left,0,34,[1. 0.]
TRUE,left,0,47,[1. 0.]
TRUE,left,0,45,[1. 0.]
TRUE,left,0,42,[1. 0.]
TRUE,left,0,19,[1. 0.]
TRUE,left,1,25,[1. 0.]
TRUE,left,0,26,[1. 0.]
TRUE,left,0,15,[1. 0.]
TRUE,left,0,37,[1. 0.]
TRUE,left,0,49,[1. 0.]
TRUE,left,1,42,[1. 0.]
TRUE,left,1,33,[1. 0.]
TRUE,left,0,27,[1. 0.]
TRUE,left,0,36,[1. 0.]
TRUE,left,0,42,[1. 0.]
TRUE,left,0,27,[1. 0.]
TRUE,left,1,28,[1. 0.]
TRUE,left,0,38,[1. 0.]
TRUE,left,0,10,[1. 0.]
TRUE,left,0,37,[1. 0.]
TRUE,left,1,11,[1. 0.]
TRUE,left,0,24,[1. 0.]
TRUE,left,1,33,[1. 0.]
TRUE,left,1,29,[1. 0.]
TRUE,left,1,24,[1. 0.]
TRUE,left,1,46,[1. 0.]
TRUE,left,1,28,[1. 0.]
TRUE,left,0,47,[1. 0.]
TRUE,left,1,39,[1. 0.]
TRUE,left,0,38,[1. 0.]
TRUE,left,1,35,[1. 0.]
TRUE,left,1,16,[1. 0.]
TRUE,left,0,43,[1. 0.]
TRUE,left,0,16,[1. 0.]
TRUE,left,1,13,[1. 0.]
TRUE,left,0,22,[1. 0.]
TRUE,left,0,11,[1. 0.]
TRUE,left,0,12,[1. 0.]
TRUE,left,1,21,[1. 0.]
TRUE,left,0,44,[1. 0.]
TRUE,left,0,30,[1. 0.]
TRUE,left,1,22,[1. 0.]
TRUE,left,1,44,[1. 0.]
TRUE,left,1,16,[1. 0.]
TRUE,left,1,38,[1. 0.]
TRUE,left,1,45,[1. 0.]
TRUE,left,0,27,[1. 0.]
TRUE,left,0,40,[1. 0.]
TRUE,left,1,14,[1. 0.]
TRUE,left,0,48,[1. 0.]
TRUE,left,1,26,[1. 0.]
TRUE,left,0,22,[1. 0.]
TRUE,left,1,49,[1. 0.]
TRUE,left,1,48,[1. 0.]
TRUE,left,0,31,[1. 0.]
TRUE,left,1,40,[1. 0.]
TRUE,left,0,42,[1. 0.]
TRUE,left,0,14,[1. 0.]
TRUE,left,1,37,[1. 0.]
TRUE,left,1,18,[1. 0.]
TRUE,left,1,30,[1. 0.]
TRUE,left,1,48,[1. 0.]
TRUE,left,1,21,[1. 0.]
TRUE,left,0,33,[1. 0.]
TRUE,left,1,47,[1. 0.]
TRUE,left,0,29,[1. 0.]
TRUE,left,0,11,[1. 0.]
TRUE,left,0,32,[1. 0.]
TRUE,left,0,38,[1. 0.]
TRUE,left,1,12,[1. 0.]
TRUE,left,1,42,[1. 0.]
TRUE,left,0,28,[1. 0.]
TRUE,left,1,42,[1. 0.]
TRUE,left,0,47,[1. 0.]
TRUE,left,1,16,[1. 0.]
TRUE,left,1,45,[1. 0.]
TRUE,left,1,22,[1. 0.]
TRUE,left,1,23,[1. 0.]
TRUE,left,0,19,[1. 0.]
TRUE,left,0,14,[1. 0.]
TRUE,left,1,29,[1. 0.]
TRUE,left,0,29,[1. 0.]
TRUE,left,1,27,[1. 0.]
TRUE,left,0,26,[1. 0.]
TRUE,left,0,40,[1. 0.]
TRUE,left,1,11,[1. 0.]
TRUE,left,0,34,[1. 0.]
TRUE,left,1,14,[1. 0.]
TRUE,left,1,34,[1. 0.]
TRUE,left,1,25,[1. 0.]
TRUE,left,0,16,[1. 0.]
TRUE,left,0,27,[1. 0.]
TRUE,left,1,42,[1. 0.]
TRUE,left,0,29,[1. 0.]
TRUE,left,0,46,[1. 0.]
TRUE,left,1,35,[1. 0.]
TRUE,left,1,39,[1. 0.]
TRUE,left,1,44,[1. 0.]
TRUE,left,0,39,[1. 0.]
TRUE,left,1,44,[1. 0.]
TRUE,left,1,28,[1. 0.]
TRUE,left,1,18,[1. 0.]
TRUE,left,1,22,[1. 0.]
TRUE,left,1,38,[1. 0.]
TRUE,left,1,47,[1. 0.]
TRUE,left,1,50,[1. 0.]
TRUE,left,0,49,[1. 0.]
TRUE,left,0,26,[1. 0.]
TRUE,left,1,11,[1. 0.]
TRUE,left,1,46,[1. 0.]
TRUE,left,1,27,[1. 0.]
TRUE,left,1,45,[1. 0.]
TRUE,left,1,18,[1. 0.]
TRUE,left,1,33,[1. 0.]
TRUE,left,1,13,[1. 0.]
TRUE,left,1,44,[1. 0.]
TRUE,left,0,14,[1. 0.]
TRUE,left,1,21,[1. 0.]
TRUE,left,1,42,[1. 0.]
TRUE,left,0,44,[1. 0.]
TRUE,left,1,30,[1. 0.]
TRUE,left,0,31,[1. 0.]
TRUE,left,1,20,[1. 0.]
TRUE,left,0,19,[1. 0.]
TRUE,left,0,45,[1. 0.]
TRUE,left,0,31,[1. 0.]
TRUE,left,1,12,[1. 0.]
TRUE,left,1,38,[1. 0.]
TRUE,left,0,45,[1. 0.]
TRUE,left,1,47,[1. 0.]
TRUE,left,0,24,[1. 0.]
TRUE,left,1,19,[1. 0.]
TRUE,left,0,46,[1. 0.]
TRUE,left,1,39,[1. 0.]
TRUE,left,0,20,[1. 0.]
TRUE,left,0,14,[1. 0.]
TRUE,left,0,33,[1. 0.]
TRUE,left,1,32,[1. 0.]
TRUE,left,0,49,[1. 0.]
TRUE,left,1,42,[1. 0.]
TRUE,left,1,29,[1. 0.]
TRUE,left,0,29,[1. 0.]
TRUE,left,1,50,[1. 0.]
TRUE,left,0,47,[1. 0.]
TRUE,left,1,31,[1. 0.]
TRUE,left,1,34,[1. 0.]
TRUE,left,1,15,[1. 0.]
TRUE,left,1,42,[1. 0.]
TRUE,left,0,31,[1. 0.]
TRUE,left,1,40,[1. 0.]
TRUE,left,1,16,[1. 0.]
TRUE,left,0,26,[1. 0.]
TRUE,left,1,10,[1. 0.]
TRUE,left,0,21,[1. 0.]
TRUE,left,0,37,[1. 0.]
TRUE,left,0,34,[1. 0.]
TRUE,left,1,15,[1. 0.]
TRUE,left,0,15,[1. 0.]
TRUE,left,0,19,[1. 0.]
TRUE,left,0,12,[1. 0.]
TRUE,left,1,25,[1. 0.]
TRUE,left,0,29,[1. 0.]
TRUE,left,1,49,[1. 0.]
TRUE,left,1,38,[1. 0.]
TRUE,left,0,11,[1. 0.]
TRUE,left,1,27,[1. 0.]
TRUE,left,0,26,[1. 0.]
TRUE,left,1,22,[1. 0.]
TRUE,left,0,20,[1. 0.]
TRUE,left,0,32,[1. 0.]
TRUE,left,1,13,[1. 0.]
TRUE,left,1,32,[1. 0.]
TRUE,left,1,34,[1. 0.]
TRUE,left,0,32,[1. 0.]
TRUE,left,1,32,[1. 0.]
TRUE,left,0,16,[1. 0.]
TRUE,left,0,46,[1. 0.]
TRUE,left,1,28,[1. 0.]
TRUE,left,0,17,[1. 0.]
TRUE,left,1,35,[1. 0.]
TRUE,left,1,45,[1. 0.]
TRUE,left,0,23,[1. 0.]
TRUE,left,0,29,[1. 0.]
TRUE,left,0,43,[1. 0.]
TRUE,left,0,30,[1. 0.]
TRUE,left,1,48,[1. 0.]
TRUE,left,0,39,[1. 0.]
TRUE,left,0,21,[1. 0.]
TRUE,left,1,16,[1. 0.]
TRUE,left,1,23,[1. 0.]
TRUE,left,1,38,[1. 0.]
TRUE,left,1,36,[1. 0.]
TRUE,left,0,47,[1. 0.]
TRUE,left,0,34,[1. 0.]
TRUE,left,1,42,[1. 0.]
TRUE,left,1,37,[1. 0.]
TRUE,left,1,41,[1. 0.]
TRUE,left,0,11,[1. 0.]
TRUE,left,1,45,[1. 0.]
TRUE,left,0,22,[1. 0.]
TRUE,left,0,28,[1. 0.]
TRUE,left,1,49,[1. 0.]
TRUE,left,0,15,[1. 0.]
TRUE,left,0,11,[1. 0.]
TRUE,left,0,31,[1. 0.]
TRUE,left,0,14,[1. 0.]
TRUE,left,1,19,[1. 0.]
TRUE,left,1,27,[1. 0.]
TRUE,left,1,23,[1. 0.]
TRUE,left,1,40,[1. 0.]
TRUE,left,1,40,[1. 0.]
TRUE,left,1,44,[1. 0.]
TRUE,left,0,44,[1. 0.]
TRUE,left,1,12,[1. 0.]
TRUE,left,1,47,[1. 0.]
TRUE,left,1,33,[1. 0.]
TRUE,left,1,11,[1. 0.]
TRUE,left,0,17,[1. 0.]
TRUE,left,0,11,[1. 0.]
TRUE,left,1,10,[1. 0.]
TRUE,left,0,22,[1. 0.]
TRUE,left,0,28,[1. 0.]
TRUE,left,0,11,[1. 0.]
TRUE,left,1,46,[1. 0.]
TRUE,left,0,34,[1. 0.]
TRUE,left,1,21,[1. 0.]
TRUE,left,0,42,[1. 0.]
TRUE,left,0,24,[1. 0.]
TRUE,left,0,34,[1. 0.]
TRUE,left,0,43,[1. 0.]
TRUE,left,1,50,[1. 0.]
TRUE,left,0,37,[1. 0.]
TRUE,left,0,20,[1. 0.]
TRUE,left,0,48,[1. 0.]
TRUE,left,1,10,[1. 0.]
TRUE,left,1,44,[1. 0.]
TRUE,left,1,14,[1. 0.]
TRUE,left,1,34,[1. 0.]
TRUE,left,0,40,[1. 0.]
TRUE,left,1,40,[1. 0.]
TRUE,left,1,25,[1. 0.]
TRUE,left,1,50,[1. 0.]
TRUE,left,1,10,[1. 0.]
TRUE,left,1,20,[1. 0.]
TRUE,left,0,43,[1. 0.]
TRUE,left,0,22,[1. 0.]
TRUE,left,0,11,[1. 0.]
TRUE,left,0,32,[1. 0.]
TRUE,left,1,42,[1. 0.]
TRUE,left,1,27,[1. 0.]
TRUE,left,0,50,[1. 0.]
TRUE,left,1,37,[1. 0.]
TRUE,left,0,24,[1. 0.]
TRUE,left,1,35,[1. 0.]
TRUE,left,1,17,[1. 0.]
TRUE,left,0,39,[1. 0.]
TRUE,left,1,27,[1. 0.]
TRUE,left,0,36,[1. 0.]
TRUE,left,1,12,[1. 0.]
TRUE,left,1,12,[1. 0.]
TRUE,left,1,33,[1. 0.]
TRUE,left,1,38,[1. 0.]
TRUE,left,0,36,[1. 0.]
TRUE,left,0,35,[1. 0.]
TRUE,left,1,42,[1. 0.]
TRUE,left,1,37,[1. 0.]
TRUE,left,1,34,[1. 0.]
TRUE,left,0,16,[1. 0.]
TRUE,left,0,12,[1. 0.]
TRUE,left,0,18,[1. 0.]
TRUE,left,0,45,[1. 0.]
TRUE,left,0,19,[1. 0.]
TRUE,left,0,12,[1. 0.]
TRUE,left,0,11,[1. 0.]
TRUE,left,0,46,[1. 0.]
TRUE,left,1,32,[1. 0.]
TRUE,left,1,36,[1. 0.]
TRUE,left,0,18,[1. 0.]
TRUE,left,0,14,[1. 0.]
TRUE,left,1,29,[1. 0.]
TRUE,left,1,15,[1. 0.]
TRUE,left,0,28,[1. 0.]
TRUE,left,0,19,[1. 0.]
TRUE,left,0,14,[1. 0.]
TRUE,left,1,45,[1. 0.]
TRUE,left,1,27,[1. 0.]
TRUE,left,0,34,[1. 0.]
TRUE,left,0,27,[1. 0.]
TRUE,left,1,47,[1. 0.]
TRUE,left,0,46,[1. 0.]
TRUE,left,0,34,[1. 0.]
TRUE,left,0,27,[1. 0.]
TRUE,left,0,42,[1. 0.]
TRUE,left,0,21,[1. 0.]
TRUE,left,0,13,[1. 0.]
TRUE,left,1,44,[1. 0.]
TRUE,left,0,25,[1. 0.]
TRUE,left,0,42,[1. 0.]
TRUE,left,1,31,[1. 0.]
TRUE,left,0,16,[1. 0.]
TRUE,left,1,25,[1. 0.]
TRUE,left,0,39,[1. 0.]
TRUE,left,0,15,[1. 0.]
TRUE,left,0,24,[1. 0.]
TRUE,left,1,11,[1. 0.]
TRUE,left,1,41,[1. 0.]
TRUE,left,0,31,[1. 0.]
TRUE,left,1,42,[1. 0.]
TRUE,left,0,35,[1. 0.]
TRUE,left,0,19,[1. 0.]
TRUE,left,0,16,[1. 0.]
TRUE,left,0,29,[1. 0.]
TRUE,left,0,47,[1. 0.]
TRUE,left,1,14,[1. 0.]
TRUE,left,1,34,[1. 0.]
TRUE,left,0,46,[1. 0.]
TRUE,left,1,41,[1. 0.]
TRUE,left,1,47,[1. 0.]
TRUE,left,1,48,[1. 0.]
TRUE,left,0,43,[1. 0.]
TRUE,left,1,45,[1. 0.]
TRUE,left,0,43,[1. 0.]
TRUE,left,0,37,[1. 0.]
TRUE,left,1,33,[1. 0.]
TRUE,left,1,49,[1. 0.]
TRUE,left,0,45,[1. 0.]
TRUE,left,0,38,[1. 0.]
TRUE,left,1,13,[1. 0.]
TRUE,left,0,15,[1. 0.]
TRUE,left,0,44,[1. 0.]
TRUE,left,1,24,[1. 0.]
TRUE,left,1,23,[1. 0.]
TRUE,left,0,23,[1. 0.]
TRUE,left,1,20,[1. 0.]
TRUE,left,0,16,[1. 0.]
TRUE,left,1,19,[1. 0.]
TRUE,left,1,25,[1. 0.]
TRUE,left,0,16,[1. 0.]
TRUE,left,0,24,[1. 0.]
TRUE,left,0,31,[1. 0.]
TRUE,left,1,49,[1. 0.]
TRUE,left,0,16,[1. 0.]
TRUE,left,1,39,[1. 0.]
TRUE,left,1,24,[1. 0.]
TRUE,left,0,46,[1. 0.]
TRUE,left,0,44,[1. 0.]
TRUE,left,1,27,[1. 0.]
TRUE,left,1,44,[1. 0.]
TRUE,left,1,37,[1. 0.]
TRUE,left,1,18,[1. 0.]
TRUE,left,1,38,[1. 0.]
TRUE,left,1,33,[1. 0.]
TRUE,left,0,36,[1. 0.]
TRUE,left,1,37,[1. 0.]
TRUE,left,0,45,[1. 0.]
TRUE,left,0,33,[1. 0.]
TRUE,left,1,24,[1. 0.]
TRUE,left,0,46,[1. 0.]
TRUE,left,1,14,[1. 0.]
TRUE,left,0,24,[1. 0.]
TRUE,left,0,30,[1. 0.]
TRUE,left,0,19,[1. 0.]
TRUE,left,0,43,[1. 0.]
TRUE,left,1,44,[1. 0.]
TRUE,left,0,27,[1. 0.]
TRUE,left,1,26,[1. 0.]
TRUE,left,1,31,[1. 0.]
TRUE,left,1,32,[1. 0.]
TRUE,left,0,24,[1. 0.]
TRUE,left,1,15,[1. 0.]
TRUE,left,1,14,[1. 0.]
TRUE,left,1,21,[1. 0.]
TRUE,left,1,39,[1. 0.]
TRUE,left,1,28,[1. 0.]
TRUE,left,1,42,[1. 0.]
TRUE,left,0,16,[1. 0.]
TRUE,left,1,14,[1. 0.]
TRUE,left,0,20,[1. 0.]
TRUE,left,1,50,[1. 0.]
TRUE,left,0,35,[1. 0.]
TRUE,left,0,21,[1. 0.]
TRUE,left,0,50,[1. 0.]
TRUE,left,1,36,[1. 0.]
TRUE,left,1,26,[1. 0.]
TRUE,left,0,10,[1. 0.]
TRUE,left,0,26,[1. 0.]
TRUE,left,1,18,[1. 0.]
TRUE,left,1,29,[1. 0.]
TRUE,left,0,22,[1. 0.]
TRUE,left,0,44,[1. 0.]
TRUE,left,0,39,[1. 0.]
TRUE,left,1,36,[1. 0.]
TRUE,left,0,36,[1. 0.]
TRUE,left,0,45,[1. 0.]
TRUE,left,0,43,[1. 0.]
TRUE,left,0,50,[1. 0.]
TRUE,left,1,28,[1. 0.]
TRUE,left,0,29,[1. 0.]
TRUE,left,1,44,[1. 0.]
TRUE,left,0,13,[1. 0.]
TRUE,left,0,26,[1. 0.]
TRUE,left,0,25,[1. 0.]
TRUE,left,1,43,[1. 0.]
TRUE,left,1,10,[1. 0.]
TRUE,left,1,15,[1. 0.]
TRUE,left,0,35,[1. 0.]
TRUE,left,1,48,[1. 0.]
TRUE,left,1,19,[1. 0.]
TRUE,left,1,48,[1. 0.]
TRUE,left,1,40,[1. 0.]
TRUE,left,1,25,[1. 0.]
TRUE,left,0,48,[1. 0.]
TRUE,left,1,36,[1. 0.]
TRUE,left,1,25,[1. 0.]
TRUE,left,1,12,[1. 0.]
TRUE,left,1,29,[1. 0.]
TRUE,left,0,34,[1. 0.]
TRUE,left,1,37,[1. 0.]
TRUE,left,0,42,[1. 0.]
TRUE,left,0,19,[1. 0.]
TRUE,left,0,18,[1. 0.]
TRUE,left,1,11,[1. 0.]
TRUE,left,1,38,[1. 0.]
TRUE,left,1,22,[1. 0.]
TRUE,left,0,23,[1. 0.]
TRUE,left,0,46,[1. 0.]
TRUE,left,0,31,[1. 0.]
TRUE,left,1,11,[1. 0.]
TRUE,left,0,19,[1. 0.]
TRUE,left,1,44,[1. 0.]
TRUE,left,0,13,[1. 0.]
TRUE,left,0,21,[1. 0.]
TRUE,left,0,29,[1. 0.]
TRUE,left,0,23,[1. 0.]
TRUE,left,0,45,[1. 0.]
TRUE,left,1,21,[1. 0.]
TRUE,left,1,43,[1. 0.]
TRUE,left,0,49,[1. 0.]
TRUE,left,0,22,[1. 0.]
TRUE,left,0,45,[1. 0.]
TRUE,left,1,50,[1. 0.]
TRUE,left,1,37,[1. 0.]
TRUE,left,1,41,[1. 0.]
TRUE,left,0,19,[1. 0.]
TRUE,left,1,37,[1. 0.]
TRUE,left,1,25,[1. 0.]
TRUE,left,1,43,[1. 0.]
TRUE,left,1,33,[1. 0.]
TRUE,left,1,38,[1. 0.]
TRUE,left,1,40,[1. 0.]
TRUE,left,0,10,[1. 0.]
TRUE,left,1,48,[1. 0.]
TRUE,left,1,15,[1. 0.]
TRUE,left,1,26,[1. 0.]
TRUE,left,0,38,[1. 0.]
TRUE,left,0,24,[1. 0.]
TRUE,left,0,32,[1. 0.]
TRUE,left,0,41,[1. 0.]
TRUE,left,1,30,[1. 0.]
TRUE,left,1,48,[1. 0.]
TRUE,left,1,16,[1. 0.]
TRUE,left,0,13,[1. 0.]
TRUE,left,0,46,[1. 0.]
TRUE,left,1,43,[1. 0.]
TRUE,left,0,18,[1. 0.]
TRUE,left,0,32,[1. 0.]
TRUE,left,0,20,[1. 0.]
TRUE,left,0,21,[1. 0.]
TRUE,left,1,13,[1. 0.]
TRUE,left,1,23,[1. 0.]
TRUE,left,0,12,[1. 0.]
TRUE,left,1,17,[1. 0.]
TRUE,left,0,13,[1. 0.]
TRUE,left,1,34,[1. 0.]
TRUE,left,1,37,[1. 0.]
TRUE,left,0,27,[1. 0.]
TRUE,left,0,50,[1. 0.]
TRUE,left,1,30,[1. 0.]
TRUE,left,1,34,[1. 0.]
TRUE,left,1,29,[1. 0.]
TRUE,left,1,50,[1. 0.]
TRUE,left,0,27,[1. 0.]
TRUE,left,0,31,[1. 0.]
TRUE,left,1,33,[1. 0.]
TRUE,left,1,18,[1. 0.]
TRUE,left,1,29,[1. 0.]
TRUE,left,0,40,[1. 0.]
TRUE,left,0,31,[1. 0.]
TRUE,left,0,31,[1. 0.]
TRUE,left,1,41,[1. 0.]
TRUE,left,1,31,[1. 0.]
TRUE,left,0,33,[1. 0.]
TRUE,left,1,25,[1. 0.]
TRUE,left,0,26,[1. 0.]
TRUE,left,1,40,[1. 0.]
TRUE,left,1,33,[1. 0.]
TRUE,left,0,48,[1. 0.]
TRUE,left,0,44,[1. 0.]
TRUE,left,1,36,[1. 0.]
TRUE,left,1,43,[1. 0.]
TRUE,left,0,40,[1. 0.]
TRUE,left,0,41,[1. 0.]
TRUE,left,0,14,[1. 0.]
TRUE,left,0,44,[1. 0.]
TRUE,left,1,50,[1. 0.]
TRUE,left,0,44,[1. 0.]
TRUE,left,0,32,[1. 0.]
TRUE,left,1,34,[1. 0.]
TRUE,left,0,49,[1. 0.]
TRUE,left,0,17,[1. 0.]
TRUE,left,0,28,[1. 0.]
TRUE,left,0,32,[1. 0.]
TRUE,left,0,28,[1. 0.]
TRUE,left,1,38,[1. 0.]
TRUE,left,0,42,[1. 0.]
TRUE,left,0,41,[1. 0.]
TRUE,left,0,22,[1. 0.]
TRUE,left,0,18,[1. 0.]
TRUE,left,0,30,[1. 0.]
TRUE,left,1,48,[1. 0.]
TRUE,left,1,39,[1. 0.]
TRUE,left,0,22,[1. 0.]
TRUE,left,0,39,[1. 0.]
TRUE,left,1,42,[1. 0.]
TRUE,left,0,47,[1. 0.]
TRUE,left,0,48,[1. 0.]
TRUE,left,1,15,[1. 0.]
TRUE,left,1,32,[1. 0.]
TRUE,left,0,13,[1. 0.]
TRUE,left,0,39,[1. 0.]
TRUE,left,1,43,[1. 0.]
TRUE,left,0,10,[1. 0.]
TRUE,left,1,48,[1. 0.]
TRUE,left,1,23,[1. 0.]
TRUE,left,1,13,[1. 0.]
TRUE,left,0,49,[1. 0.]
TRUE,left,0,13,[1. 0.]
TRUE,left,1,16,[1. 0.]
TRUE,left,0,28,[1. 0.]
TRUE,left,0,36,[1. 0.]
TRUE,left,1,38,[1. 0.]
TRUE,left,1,44,[1. 0.]
TRUE,left,1,30,[1. 0.]
TRUE,left,1,45,[1. 0.]
TRUE,left,0,26,[1. 0.]
TRUE,left,0,23,[1. 0.]
TRUE,left,0,19,[1. 0.]
TRUE,left,1,50,[1. 0.]
TRUE,left,1,29,[1. 0.]
TRUE,left,1,14,[1. 0.]
TRUE,left,1,45,[1. 0.]
TRUE,left,1,39,[1. 0.]
TRUE,left,0,50,[1. 0.]
TRUE,left,0,39,[1. 0.]
TRUE,left,0,11,[1. 0.]
TRUE,left,0,17,[1. 0.]
TRUE,left,0,49,[1. 0.]
TRUE,left,0,29,[1. 0.]
TRUE,left,0,44,[1. 0.]
TRUE,left,1,24,[1. 0.]
TRUE,left,0,10,[1. 0.]
TRUE,left,1,35,[1. 0.]
TRUE,left,1,46,[1. 0.]
TRUE,left,1,43,[1. 0.]
TRUE,left,0,36,[1. 0.]
TRUE,left,0,16,[1. 0.]
TRUE,left,0,12,[1. 0.]
TRUE,left,1,28,[1. 0.]
TRUE,left,0,49,[1. 0.]
TRUE,left,1,22,[1. 0.]
TRUE,left,0,18,[1. 0.]
TRUE,left,0,27,[1. 0.]
TRUE,left,0,34,[1. 0.]
TRUE,left,1,17,[1. 0.]
TRUE,left,1,35,[1. 0.]
TRUE,left,1,47,[1. 0.]
TRUE,left,1,23,[1. 0.]
TRUE,left,1,25,[1. 0.]
TRUE,left,0,21,[1. 0.]
TRUE,left,0,34,[1. 0.]
TRUE,left,1,48,[1. 0.]
TRUE,left,1,14,[1. 0.]
TRUE,left,1,26,[1. 0.]
TRUE,left,0,48,[1. 0.]
TRUE,left,0,26,[1. 0.]
TRUE,left,1,18,[1. 0.]
TRUE,left,1,21,[1. 0.]
TRUE,left,1,34,[1. 0.]
TRUE,left,0,49,[1. 0.]
TRUE,left,1,19,[1. 0.]
TRUE,left,0,41,[1. 0.]
TRUE,left,1,31,[1. 0.]
TRUE,left,0,26,[1. 0.]
TRUE,left,1,19,[1. 0.]
TRUE,left,0,35,[1. 0.]
TRUE,left,1,13,[1. 0.]
TRUE,left,1,24,[1. 0.]
TRUE,left,0,49,[1. 0.]
TRUE,left,0,10,[1. 0.]
TRUE,left,1,11,[1. 0.]
TRUE,left,1,29,[1. 0.]
TRUE,left,1,21,[1. 0.]
TRUE,left,1,14,[1. 0.]
TRUE,left,1,43,[1. 0.]
TRUE,left,1,27,[1. 0.]
TRUE,left,0,44,[1. 0.]
TRUE,left,0,16,[1. 0.]
TRUE,left,0,39,[1. 0.]
TRUE,left,0,43,[1. 0.]
TRUE,left,1,13,[1. 0.]
TRUE,left,0,19,[1. 0.]
TRUE,left,1,50,[1. 0.]
TRUE,left,1,48,[1. 0.]
TRUE,left,1,27,[1. 0.]
TRUE,left,1,44,[1. 0.]
TRUE,left,0,39,[1. 0.]
TRUE,left,0,11,[1. 0.]
TRUE,left,0,37,[1. 0.]
TRUE,left,1,25,[1. 0.]
TRUE,left,1,22,[1. 0.]
